insert into STUDY_GUIDE values(1, 'US Capitals', 'Capitals of the 50 states');

insert into STUDY_GUIDE_TAG values(1, 'Geography');

insert into MAP_STUDY_GUIDE_TAG values (1, 1);

insert into INDEX_CARD (index_card_id, front, back, study_guide_id) values (1, 'Alabama', 'Montgomery', 1);
insert into INDEX_CARD (index_card_id, front, back, study_guide_id) values (2, 'Alaska', 'Juneau', 1);
insert into INDEX_CARD (index_card_id, front, back, study_guide_id) values (3, 'Arizona', 'Phoenix', 1);
insert into INDEX_CARD (index_card_id, front, back, study_guide_id) values (4, 'Arkansas', 'Little Rock', 1);
insert into INDEX_CARD (index_card_id, front, back, study_guide_id) values (5, 'California', 'Sacramento', 1);
insert into INDEX_CARD (index_card_id, front, back, study_guide_id) values (6, 'Colorado', 'Denver', 1);
insert into INDEX_CARD (index_card_id, front, back, study_guide_id) values (7, 'Connecticut', 'Hartford', 1);
insert into INDEX_CARD (index_card_id, front, back, study_guide_id) values (8, 'Delaware', 'Dover', 1);
insert into INDEX_CARD (index_card_id, front, back, study_guide_id) values (9, 'Florida', 'Tallahassee', 1);
insert into INDEX_CARD (index_card_id, front, back, study_guide_id) values (10, 'Georgia', 'Atlanta', 1);
insert into INDEX_CARD (index_card_id, front, back, study_guide_id) values (11, 'Hawaii', 'Honolulu', 1);
insert into INDEX_CARD (index_card_id, front, back, study_guide_id) values (12, 'Idaho', 'Boise', 1);
insert into INDEX_CARD (index_card_id, front, back, study_guide_id) values (13, 'Illinois', 'Springfield', 1);
insert into INDEX_CARD (index_card_id, front, back, study_guide_id) values (14, 'Indiana', 'Indianapolis', 1);
insert into INDEX_CARD (index_card_id, front, back, study_guide_id) values (15, 'Iowa', 'Des Moines', 1);
insert into INDEX_CARD (index_card_id, front, back, study_guide_id) values (16, 'Kansas', 'Topeka', 1);
insert into INDEX_CARD (index_card_id, front, back, study_guide_id) values (17, 'Kentucky', 'Frankfort', 1);
insert into INDEX_CARD (index_card_id, front, back, study_guide_id) values (18, 'Louisiana', 'Baton Rouge', 1);
insert into INDEX_CARD (index_card_id, front, back, study_guide_id) values (19, 'Maine', 'Augusta', 1);
insert into INDEX_CARD (index_card_id, front, back, study_guide_id) values (20, 'Maryland', 'Annapolis', 1);
insert into INDEX_CARD (index_card_id, front, back, study_guide_id) values (21, 'Massachusetts', 'Boston', 1);
insert into INDEX_CARD (index_card_id, front, back, study_guide_id) values (22, 'Michigan', 'Lansing', 1);
insert into INDEX_CARD (index_card_id, front, back, study_guide_id) values (23, 'Minnesota', 'St. Paul', 1);
insert into INDEX_CARD (index_card_id, front, back, study_guide_id) values (24, 'Mississippi', 'Jackson', 1);
insert into INDEX_CARD (index_card_id, front, back, study_guide_id) values (25, 'Missouri', 'Jefferson City', 1);
insert into INDEX_CARD (index_card_id, front, back, study_guide_id) values (26, 'Montana', 'Helena', 1);
insert into INDEX_CARD (index_card_id, front, back, study_guide_id) values (27, 'Nebraska', 'Lincoln', 1);
insert into INDEX_CARD (index_card_id, front, back, study_guide_id) values (28, 'Nevada', 'Carson City', 1);
insert into INDEX_CARD (index_card_id, front, back, study_guide_id) values (29, 'New Hampshire', 'Concord', 1);
insert into INDEX_CARD (index_card_id, front, back, study_guide_id) values (30, 'New Jersey', 'Trenton', 1);
insert into INDEX_CARD (index_card_id, front, back, study_guide_id) values (31, 'New Mexico', 'Santa Fe', 1);
insert into INDEX_CARD (index_card_id, front, back, study_guide_id) values (32, 'New York', 'Albany', 1);
insert into INDEX_CARD (index_card_id, front, back, study_guide_id) values (33, 'North Carolina', 'Raleigh', 1);
insert into INDEX_CARD (index_card_id, front, back, study_guide_id) values (34, 'North Dakota', 'Bismarck', 1);
insert into INDEX_CARD (index_card_id, front, back, study_guide_id) values (35, 'Ohio', 'Columbus', 1);
insert into INDEX_CARD (index_card_id, front, back, study_guide_id) values (36, 'Oklahoma', 'Oklahoma City', 1);
insert into INDEX_CARD (index_card_id, front, back, study_guide_id) values (37, 'Oregon', 'Salem', 1);
insert into INDEX_CARD (index_card_id, front, back, study_guide_id) values (38, 'Pennsylvania', 'Harrisburg', 1);
insert into INDEX_CARD (index_card_id, front, back, study_guide_id) values (39, 'Rhode Island', 'Providence', 1);
insert into INDEX_CARD (index_card_id, front, back, study_guide_id) values (40, 'South Carolina', 'Columbia', 1);
insert into INDEX_CARD (index_card_id, front, back, study_guide_id) values (41, 'South Dakota', 'Pierre', 1);
insert into INDEX_CARD (index_card_id, front, back, study_guide_id) values (42, 'Tennessee', 'Nashville', 1);
insert into INDEX_CARD (index_card_id, front, back, study_guide_id) values (43, 'Texas', 'Austin', 1);
insert into INDEX_CARD (index_card_id, front, back, study_guide_id) values (44, 'Utah', 'Salt Lake City', 1);
insert into INDEX_CARD (index_card_id, front, back, study_guide_id) values (45, 'Virginia', 'Richmond', 1);
insert into INDEX_CARD (index_card_id, front, back, study_guide_id) values (46, 'Washington', 'Olympia', 1);
insert into INDEX_CARD (index_card_id, front, back, study_guide_id) values (47, 'Vermont', 'Montpelier', 1);
insert into INDEX_CARD (index_card_id, front, back, study_guide_id) values (48, 'West Virginia', 'Charleston', 1);
insert into INDEX_CARD (index_card_id, front, back, study_guide_id) values (49, 'Wisconsin', 'Madison', 1);
insert into INDEX_CARD (index_card_id, front, back, study_guide_id) values (50, 'Wyoming', 'Cheyenne', 1);

insert into FLASH_CARD_TAG (flash_card_tag_id, name) values (1, 'South');
insert into FLASH_CARD_TAG (flash_card_tag_id, name) values (2, 'North');

insert into MAP_FLASH_CARD_TAG (index_card_id, flash_card_tag_id) values (1, 1);
insert into MAP_FLASH_CARD_TAG (index_card_id, flash_card_tag_id) values (2, 1);
insert into MAP_FLASH_CARD_TAG (index_card_id, flash_card_tag_id) values (3, 1);
insert into MAP_FLASH_CARD_TAG (index_card_id, flash_card_tag_id) values (4, 1);
insert into MAP_FLASH_CARD_TAG (index_card_id, flash_card_tag_id) values (5, 1);
insert into MAP_FLASH_CARD_TAG (index_card_id, flash_card_tag_id) values (6, 1);
insert into MAP_FLASH_CARD_TAG (index_card_id, flash_card_tag_id) values (7, 1);
insert into MAP_FLASH_CARD_TAG (index_card_id, flash_card_tag_id) values (8, 1);
insert into MAP_FLASH_CARD_TAG (index_card_id, flash_card_tag_id) values (9, 1);
insert into MAP_FLASH_CARD_TAG (index_card_id, flash_card_tag_id) values (10, 1);
insert into MAP_FLASH_CARD_TAG (index_card_id, flash_card_tag_id) values (11, 1);
insert into MAP_FLASH_CARD_TAG (index_card_id, flash_card_tag_id) values (12, 1);
insert into MAP_FLASH_CARD_TAG (index_card_id, flash_card_tag_id) values (13, 1);
insert into MAP_FLASH_CARD_TAG (index_card_id, flash_card_tag_id) values (14, 1);
insert into MAP_FLASH_CARD_TAG (index_card_id, flash_card_tag_id) values (15, 1);
insert into MAP_FLASH_CARD_TAG (index_card_id, flash_card_tag_id) values (16, 1);
insert into MAP_FLASH_CARD_TAG (index_card_id, flash_card_tag_id) values (17, 1);
insert into MAP_FLASH_CARD_TAG (index_card_id, flash_card_tag_id) values (18, 1);
insert into MAP_FLASH_CARD_TAG (index_card_id, flash_card_tag_id) values (19, 1);
insert into MAP_FLASH_CARD_TAG (index_card_id, flash_card_tag_id) values (20, 1);
insert into MAP_FLASH_CARD_TAG (index_card_id, flash_card_tag_id) values (21, 1);
insert into MAP_FLASH_CARD_TAG (index_card_id, flash_card_tag_id) values (22, 1);
insert into MAP_FLASH_CARD_TAG (index_card_id, flash_card_tag_id) values (23, 1);
insert into MAP_FLASH_CARD_TAG (index_card_id, flash_card_tag_id) values (24, 1);
insert into MAP_FLASH_CARD_TAG (index_card_id, flash_card_tag_id) values (25, 1);
insert into MAP_FLASH_CARD_TAG (index_card_id, flash_card_tag_id) values (26, 1);
insert into MAP_FLASH_CARD_TAG (index_card_id, flash_card_tag_id) values (27, 1);
insert into MAP_FLASH_CARD_TAG (index_card_id, flash_card_tag_id) values (28, 1);
insert into MAP_FLASH_CARD_TAG (index_card_id, flash_card_tag_id) values (29, 2);
insert into MAP_FLASH_CARD_TAG (index_card_id, flash_card_tag_id) values (30, 2);
insert into MAP_FLASH_CARD_TAG (index_card_id, flash_card_tag_id) values (31, 2);
insert into MAP_FLASH_CARD_TAG (index_card_id, flash_card_tag_id) values (32, 2);
insert into MAP_FLASH_CARD_TAG (index_card_id, flash_card_tag_id) values (33, 2);
insert into MAP_FLASH_CARD_TAG (index_card_id, flash_card_tag_id) values (34, 2);
insert into MAP_FLASH_CARD_TAG (index_card_id, flash_card_tag_id) values (35, 2);
insert into MAP_FLASH_CARD_TAG (index_card_id, flash_card_tag_id) values (36, 2);
insert into MAP_FLASH_CARD_TAG (index_card_id, flash_card_tag_id) values (37, 2);
insert into MAP_FLASH_CARD_TAG (index_card_id, flash_card_tag_id) values (38, 2);
insert into MAP_FLASH_CARD_TAG (index_card_id, flash_card_tag_id) values (39, 2);
insert into MAP_FLASH_CARD_TAG (index_card_id, flash_card_tag_id) values (40, 2);
insert into MAP_FLASH_CARD_TAG (index_card_id, flash_card_tag_id) values (41, 2);
insert into MAP_FLASH_CARD_TAG (index_card_id, flash_card_tag_id) values (42, 2);
insert into MAP_FLASH_CARD_TAG (index_card_id, flash_card_tag_id) values (43, 2);
insert into MAP_FLASH_CARD_TAG (index_card_id, flash_card_tag_id) values (44, 2);
insert into MAP_FLASH_CARD_TAG (index_card_id, flash_card_tag_id) values (45, 2);
insert into MAP_FLASH_CARD_TAG (index_card_id, flash_card_tag_id) values (46, 2);
insert into MAP_FLASH_CARD_TAG (index_card_id, flash_card_tag_id) values (47, 2);
insert into MAP_FLASH_CARD_TAG (index_card_id, flash_card_tag_id) values (48, 2);
insert into MAP_FLASH_CARD_TAG (index_card_id, flash_card_tag_id) values (49, 2);
insert into MAP_FLASH_CARD_TAG (index_card_id, flash_card_tag_id) values (50, 2);


